{"cameraMode":{"drawMode":0,"name":"Shaded","section":"Shading Mode"},"sceneLighting":false,"audioPlay":false,"sceneViewState":{"m_AlwaysRefresh":false,"showFog":true,"showSkybox":false,"showFlares":true,"showImageEffects":true,"showParticleSystems":true,"showVisualEffectGraphs":true,"m_FxEnabled":true},"in2DMode":false,"pivot":{"x":0.15038540959358216,"y":1.1483486890792847,"z":1.5602974891662598},"rotation":{"x":-0.000904841348528862,"y":0.9929873943328857,"z":-0.11803194135427475,"w":-0.00764543516561389},"size":2.199422836303711,"orthographic":false}