{"cameraMode":{"drawMode":0,"name":"Shaded","section":"Shading Mode"},"sceneLighting":false,"audioPlay":false,"sceneViewState":{"m_AlwaysRefresh":false,"showFog":true,"showSkybox":true,"showFlares":true,"showImageEffects":true,"showParticleSystems":true,"showVisualEffectGraphs":true,"m_FxEnabled":true},"in2DMode":false,"pivot":{"x":2.1956591606140138,"y":2.999999761581421,"z":-0.02063751220703125},"rotation":{"x":0.0005855715717189014,"y":0.9987220168113709,"z":-0.011795591562986374,"w":0.049278050661087039},"size":2.69401478767395,"orthographic":false}